aa,variant,iks,iks_pval,v12,v12_pval,tau_act,tau_act_pval,tau_deact,tau_deact_pval,cell_surf_exp,tot_exp,traffick_eff
228,R228T,0.10,0.0001,6.008,0.2911,0.4352,0.9412,nan,nan,not_measured,not_measured,not_measured
228,R228G,0.12,0.0001,-1.809,0.9494,0.5423,0.9477,1.016,0.9999,not_measured,not_measured,not_measured
225,S225L,0.13,0.0001,17.54,0.0001,nan,nan,0.6976,0.0108,not_measured,not_measured,not_measured
237,R237T,0.38,0.004,-9.667,0.0017,0.5351,0.1921,nan,nan,not_measured,not_measured,not_measured
225,S225S,0.67,0.1403,-2.196,0.6859,1.117,0.9365,0.9448,0.3192,not_measured,not_measured,not_measured
225,S225W,1.46,0.0179,-18.33,0.0001,0.9552,0.9828,0.6203,0.0001,not_measured,not_measured,not_measured
240,H240D,0.05,0.0001,nan,nan,0.2455,0.3057,nan,nan,not_measured,not_measured,not_measured
240,H240P,0.05,0.0001,nan,nan,0.1166,0.3845,nan,nan,not_measured,not_measured,not_measured
240,H240Y,0.16,0.0001,-21.05,0.0001,0.2977,0.1388,nan,nan,not_measured,not_measured,not_measured
234,Q234K,0.11,0.0001,4.78,0.3443,nan,nan,nan,nan,not_measured,not_measured,not_measured
225,S225P,1.39,0.4581,-14.45,0.0001,0.1548,0.0297,0.7806,0.0001,not_measured,not_measured,not_measured
228,R228M,0.26,0.2712,nan,nan,nan,nan,nan,nan,not_measured,not_measured,not_measured
228,R228R,1.17,0.9654,-0.6215,0.9988,0.2168,0.1772,1.001,0.9999,not_measured,not_measured,not_measured
234,Q234E,0.39,0.1152,4.346,0.4461,nan,nan,0.8112,0.03,not_measured,not_measured,not_measured
237,R237W,0.37,0.0353,nan,nan,0.689,0.8625,nan,nan,not_measured,not_measured,not_measured
237,R237M,0.67,0.2414,nan,nan,nan,nan,0.5775,0.001,not_measured,not_measured,not_measured
240,H240R,0.20,0.0001,11.23,0.0001,2.063,0.3467,0.2191,0.0001,not_measured,not_measured,not_measured
245,G245R,0.03,0.0001,nan,nan,0.484,0.9374,nan,nan,not_measured,not_measured,not_measured
245,G245E,0.04,0.0001,nan,nan,0.5913,0.3108,nan,nan,not_measured,not_measured,not_measured
228,R228K,1.05,0.8626,-6.945,0.0772,1.439,0.139,0.7211,0.0001,not_measured,not_measured,not_measured
234,Q234L,0.77,0.1666,4.643,0.0252,1.752,0.0059,0.5427,0.0001,not_measured,not_measured,not_measured
240,H240L,0.31,0.0001,-13.12,0.0001,0.6143,0.1933,nan,nan,not_measured,not_measured,not_measured
237,R237G,0.84,0.5074,4.13,0.0124,1.265,0.8223,0.541,0.0001,not_measured,not_measured,not_measured
240,H240H,0.75,0.2193,-0.5018,0.915,1.905,0.1405,0.9499,0.4899,not_measured,not_measured,not_measured
228,R228W,0.32,0.0007,2.27,0.5621,3.065,0.0009,1.356,0.1663,not_measured,not_measured,not_measured
234,Q234P,0.02,0.0001,nan,nan,0.3249,0.5587,nan,nan,not_measured,not_measured,not_measured
234,Q234Q,1.19,0.6393,0.4529,0.9965,0.8129,0.966,1.134,0.7351,not_measured,not_measured,not_measured
234,Q234H,0.62,0.0936,8.61,0.0001,0.869,0.9965,0.8061,0.7451,not_measured,not_measured,not_measured
245,G245V,0.15,0.0001,13.96,0.0001,0.7804,0.9428,0.4608,0.0001,not_measured,not_measured,not_measured
245,G245G,1.19,0.3431,-4.768,0.0458,0.3771,0.0657,1.127,0.106,not_measured,not_measured,not_measured
234,Q234R,0.03,0.0001,nan,nan,1.806,0.1048,nan,nan,not_measured,not_measured,not_measured
228,R228S,1.40,0.621,-6.288,0.0262,0.6421,0.6709,1.178,0.4272,not_measured,not_measured,not_measured
225,S225A,0.54,0.3095,7.98,0.005,nan,nan,1,0.9999,not_measured,not_measured,not_measured
225,S225T,2.07,0.002,-11.04,0.0001,0.4168,0.1884,0.76,0.0268,not_measured,not_measured,not_measured
237,R237K,0.19,0.0001,-6.144,0.0133,0.4471,0.0054,nan,nan,not_measured,not_measured,not_measured
240,H240Q,0.27,0.0001,-5.221,0.2701,0.3526,0.0007,nan,nan,not_measured,not_measured,not_measured
240,H240N,1.11,0.9284,-10.29,0.0001,0.5081,0.0113,1.326,0.0401,not_measured,not_measured,not_measured
245,G245A,0.18,0.0001,7.722,0.0067,0.3959,0.0146,0.5624,0.0008,not_measured,not_measured,not_measured
237,R237S,0.79,0.1292,-5.289,0.0005,0.187,0.1183,0.3627,0.0022,not_measured,not_measured,not_measured